symbol;date;period;revenuePerShare;netIncomePerShare;operatingCashFlowPerShare;freeCashFlowPerShare;cashPerShare;bookValuePerShare;tangibleBookValuePerShare;shareholdersEquityPerShare;interestDebtPerShare;marketCap;enterpriseValue;peRatio;priceToSalesRatio;pocfratio;pfcfRatio;pbRatio;ptbRatio;evToSales;enterpriseValueOverEBITDA;evToOperatingCashFlow;evToFreeCashFlow;earningsYield;freeCashFlowYield;debtToEquity;debtToAssets;netDebtToEBITDA;currentRatio;interestCoverage;incomeQuality;dividendYield;payoutRatio;salesGeneralAndAdministrativeToRevenue;researchAndDdevelopementToRevenue;intangiblesToTotalAssets;capexToOperatingCashFlow;capexToRevenue;capexToDepreciation;stockBasedCompensationToRevenue;grahamNumber;roic;returnOnTangibleAssets;grahamNetNet;workingCapital;tangibleAssetValue;netCurrentAssetValue;investedCapital;averageReceivables;averagePayables;averageInventory;daysSalesOutstanding;daysPayablesOutstanding;daysOfInventoryOnHand;receivablesTurnover;payablesTurnover;inventoryTurnover;roe;capexPerShare
AAPL;2021-09-25;FY;21.90354123925411;5.669029281123018;6.229345884552985;5.56562398361035;3.750552652516527;3.7775565837141025;3.7775565837141025;3.7775565837141025;7.6260059712817085;2482477060059.237;2572256060059.237;26.219656316637483;6.786117266445345;23.86125319651701;26.706798705359017;39.348186084311884;39.348186084311884;7.03153779091523;20.889553502300195;24.724197505327254;27.672652416374262;0.0381393252422404;0.03744364912591859;1.729370740212395;0.8202574344305731;0.7291044048856549;1.0745531195957954;41.19054820415879;1.0988381918039714;0.00582764700337444;0.15279890156316012;0;0.059904269074427925;0;-0.1065476076049136;-0.030302036264033657;-0.9823644097837646;0.021611898845597662;21.950837680915992;0.48309913489209433;0.26974205275183616;-10.97841529675105;9355000000;;-153076000000;1.9768426058012363;44475500000;48529500000;5320500000;51.390968708397914;93.85107122231561;11.27659274770989;7.102415252591931;3.889140478060004;32.367933130699086;1.5007132667617689;-0.6637219009426348
AAPL;2020-09-26;FY;15.820258033039078;3.3085872682177895;4.649230448454163;4.2280138811865;5.241031369137106;3.765476712094932;3.765476712094932;3.765476712094932;6.645240272960322;1996361344741.5688;2070781344741.5688;34.77315052414291;7.272321529758187;24.746031493933224;27.21135888695657;30.55390111176432;30.55390111176432;7.543417826863992;25.55889094966143;25.668509615756857;28.22573904098097;0.02875781989629333;0.036749359124411005;1.5100782075024104;0.7982666847799239;0.9185386324364354;1.3636044481554577;23.07274625826662;1.405201093867029;0.0070533323223721306;0.24526658654264863;0;0.06830956414039306;0;-0.09059920172546297;-0.026625138881299748;-0.661089001447178;0.024876600550061016;16.74258602902124;0.3033831282952548;0.1772557180259843;-7.9236288086774875;38321000000;;-114836000000;1.720809929750991;37445000000;42296000000;4061000000;49.78753437881355;91.04818971567418;8.741883356235881;7.331152356789959;4.008866086627577;41.75301649839941;0.8786635853012749;-0.4212165672676634
AAPL;2019-09-28;FY;14.085283273500087;2.9914457730615696;3.7566854936751732;3.1885078588792926;5.443948396585932;4.898833522383005;4.898833522383005;4.898833522383005;6.043038792646076;1150071572477.0688;1209274572477.0688;20.813514776260835;4.420393938199315;16.573785829243977;19.527159271887207;12.709658435119227;12.709658435119227;4.6479454998465215;14.77247217782884;17.42696563642358;20.53237184999098;0.04804570543465176;0.05121072584478156;1.0145765184333835;0.7326921031797611;0.7232225751282678;1.540125617208044;17.87751677852349;1.2558093238743304;0.012276627244676564;0.25551976255972203;0;0.06233136285716482;0;-0.15124439768846104;-0.04033838892433525;-0.8364549294652108;0.0233228531674956;18.158424594467483;0.2746157613037913;0.16323009842961633;-6.012829824545447;57101000000;;-85209000000;1.1940478295464592;41624500000;44266000000;4083500000;64.25876528784583;104.31407696777144;9.263638723714628;5.68015893808401;3.4990483605848257;39.40136385776912;0.6106445053487756;-0.5681776347958805
AAPL;2018-09-29;FY;13.39933369348084;3.0033537307050504;3.9065645257666572;3.2349203703371106;3.344901911600268;5.405592753084175;5.405592753084175;5.405592753084175;5.939154578955345;1051729242230.1112;1140299242230.1113;17.666917105879477;3.959898500461647;13.582266733348543;16.40225888913322;9.815760051425716;9.815760051425716;4.293376163821274;13.099961425339606;14.726079528761414;17.783553628766104;0.056602971192251994;0.06096721230650232;0.8748261733879623;0.7070285050242668;1.0175079842841717;1.1238426916297297;21.882098765432097;1.300734071324184;0.013037576069411892;0.23033377567989788;0;0.05360040663416103;0;-0.1719270604643955;-0.05012519060976298;-1.2210400807117308;0.020105800184491426;19.112441265758534;0.2848922482208801;0.16277530931710985;-7.746774362475348;14473000000;;-127239000000;1.0684666859548098;43220000000;49092000000;4008500000;67.33249872926825;124.57021422115831;8.817631109699796;5.42085927135422;2.9300744345834526;41.3943377148635;0.5556011834209077;-0.6716441554295466
AAPL;2017-09-30;FY;10.984443504824963;2.3168850515272243;3.047491375711535;2.4343800805099707;3.5546079710314378;6.423269229221109;6.039206155282811;6.423269229221109;5.654472228813614;869818592500.6904;965209592500.6904;17.989671206400914;3.794457159499422;13.676823052622574;17.12140213177746;6.488907566008121;6.488907566008121;4.210586529488166;12.605748964994847;15.176728710033183;18.99906683661773;0.05558745285151124;0.058406431453647815;0.7251710221041874;0.6428451530564666;1.2458174979430319;1.2760628484139107;26.40723202755058;1.3153399102397054;0.014680072500278113;0.264089677566131;0;0.05052042890670668;0.02135516720443143;-0.20118557187332936;-0.0558163274208887;-1.259722358964261;0.021113796382735545;18.298755977665166;0.22347133931986668;0.131637553634047;-6.608316712163246;27831000000;126032000000;-112627000000;0.8629808947607929;36559000000;45672500000;4458000000;56.80067093014126;126.92760620497985;12.563630820713515;6.425980433380988;2.8756549572876104;29.05211122554068;0.3607018433832909;-0.6131112952015644
AAPL;2016-09-24;FY;9.854052957326324;2.0877583250774108;3.007958587560914;2.38885578395926;3.0687812795888;5.8605931103564;5.466685067320804;5.8605931103564;4.043635140618774;643641981753.312;710189981753.312;14.088077171915685;2.984812495667815;9.77822650937822;12.31238009322274;5.018690061936638;5.018690061936638;3.293420864283882;9.684452862330902;10.789225537088479;13.585392565485348;0.07098200753708823;0.08121906507340873;0.58812934213912;0.6013224075651412;0.9074768521675098;1.352669417512594;41.22527472527472;1.4407599535973035;0.018876953872559415;0.26593998292730975;0;0.046582482760539605;0.02679631690530517;-0.20582158483228002;-0.06282722513089005;-1.289671584959543;0.01952337007684139;16.592130552188063;0.24733805834844239;0.14593408418672102;-4.717837088407222;27863000000;119629000000;-86568000000;0.6786173771335449;33372000000;39795000000;3096500000;49.59276846952546;103.61336926074777;5.923304104250396;7.359944025393358;3.5227114281117604;61.62101313320826;0.3562366958026963;-0.6191028036016538
AAPL;2015-09-26;FY;10.15547967026922;2.3200979034908102;3.5312034353126602;3.0320221655950435;1.8076636491576055;5.186262225552415;4.794799476693953;5.186262225552415;2.83287977709262;663254365975.8948;706596365975.8948;12.42188946278411;2.837876755774746;8.161523465851584;9.505207457592576;5.5569885298135375;5.5569885298135375;3.023324844258583;8.36159240253115;8.694858439887465;10.126348791537373;0.08050305092441795;0.10520548914492332;0.44793263792886767;0.5891097118896719;0.5128927282409325;1.1087706239920605;97.17598908594816;1.5220062179271079;0.017430718278031162;0.2165224557066337;0;0.034516398177267184;0.031014290189652263;-0.14136293160731425;-0.04915388400402199;-1.020520564981789;0.015343473889138481;16.45400597484695;0.3394021985143113;0.18969694816499094;-4.588194137018654;8768000000;110346000000;-81746000000;0.5400862971806795;33894000000;38893000000;3205000000;47.387608839826285;92.46871631605622;6.120287817030602;7.702435487591866;3.947280924204001;59.63771817794807;0.44735453060198566;-0.4991812697176167
AAPL;2014-09-27;FY;7.509359843248918;1.6231013288479703;2.4530561794355568;2.0499305570618507;1.0301825366621247;4.582436950873311;4.222651543683979;4.582436950873311;1.4657208886855664;639654477788.4575;661105477788.4575;16.189685593228486;3.4992996405178345;10.712147736480457;12.818727009788727;5.734394271369536;5.734394271369536;3.616649677444446;10.69524983075498;11.071382743932771;13.248606769307766;0.061767722062388966;0.07801086638605946;0.25986355527266536;0.5188600709975457;0.3470305599145811;1.0801128483167317;136.7265625;1.511338901543913;0.01739376551926448;0.2815995950392306;0;0.03304794988922016;0.037776215390853136;-0.16433607422169377;-0.053683087611805576;-1.2349609866599547;0.01566235400311825;12.936366910663192;0.3117921979203164;0.1771105562553512;-3.0295118519672433;5083000000;102789000000;-51761000000;0.31641370901951643;32332000000;36246000000;3086000000;54.35014633879483;98.18044148301234;6.863786990682178;6.715713288511702;3.71764472115512;53.17764092846992;0.3542004715501089;-0.4031256223737062
AAPL;2013-09-28;FY;6.59648122826164;1.4294884749349153;2.071305140693284;1.721005780634173;1.564922636949836;4.768525301448115;4.546365416421645;4.768525301448115;0.6598411039632613;490314395091.72125;493015395091.72125;13.238501905978378;2.8688455625283553;9.136406571977066;10.996061787210614;3.9685824659990874;3.9685824659990874;2.8846492018706993;8.642115325545527;9.186736389738778;11.056635906968406;0.07553724787760235;0.09094164977893157;0.1372734704449247;0.4031449275362319;0.04734609451689805;1.6786385084062485;360.2867647058824;1.448983448983449;0.021545359682992447;0.28522828522828525;0;0.02618337136504593;0.027806763285024155;-0.16912011329333285;-0.053103972851208235;-1.3431996448127868;0.013182376689485695;12.384361877757428;0.29997796035312413;0.18404026952356345;-1.0244307172244311;29628000000;117793000000;-10165000000;0.1372734704449247;29043000000;32331500000;2912500000;44.08147563044877;76.58063336022363;6.039622535316962;8.280122087108182;4.766218089149193;60.43424036281179;0.29977579745687943;-0.3502993600591109
AAPL;2012-09-29;FY;5.9793151485866005;1.594389801773485;1.9429297620346573;1.583730736892101;1.1128598599635742;4.516157919815102;4.311419824118553;4.516157919815102;0;564630064895.3832;553884064895.3832;13.52958246220936;3.607675421674184;11.10252605189915;13.62064131073921;4.776499999114993;4.776499999114993;3.539014394761822;9.381505164217195;10.891223550719348;13.361414215645853;0.0739121109460093;0.07341798210423095;0;0.32859641948382406;-0.18201219512195121;1.4958486845519174;;1.2186039824599237;0.004406424940303145;0.05961708959336736;0;0.02160272957292918;0.030437795347146492;-0.18487494100991034;-0.06007360646101158;-2.8690875801037534;0.011117642548623713;12.728378252448914;0.4016884571195881;0.2444743856360388;-0.5467259784410289;19111000000;112851000000;-201000000;0;28068500000;31735500000;2426000000;43.5925320111432;87.98209366391185;3.286603829428773;8.372993794136528;4.148571428571429;111.05689001264223;0.35304119786820065;-0.3591990251425564
AAPL;2011-09-24;FY;4.182853396222391;1.00165290891257;1.450159401997525;1.1622064092802782;1.0028121399621566;2.9604828954685813;2.7892258284096925;2.9604828954685813;0;375036176054.06396;365221176054.06396;14.467871925548337;3.4645694283925392;9.993236591810707;12.469201584402166;4.895075064335495;4.895075064335495;3.3738988448305665;10.139681169773285;9.731705509181273;12.142872495729758;0.06911866549178756;0.08019759671308135;0;0.34163150613125265;-0.2724950720453094;1.6084376117268502;;1.4477663760512307;;0;0;0.022439006364954873;0.038085089927903;-0.19856644195155745;-0.06884128259845357;-4.1080485115766265;0.010789938013284187;8.168290325442667;0.3822354950735851;0.2315725529082804;-0.1788403701749326;17018000000;72183000000;5232000000;0;24581000000;28464000000;2418500000;39.508032406765885;82.88991324052087;4.3960205491145565;9.238627635060169;4.40343083652269;83.02963917525773;0.3383410559289956;-0.28795299271724684
AAPL;2010-09-25;FY;2.5613679813804944;0.5502866925731678;0.7302205843429711;0.6469294921466042;1.0060904205897778;1.876739550757458;1.8342104357887332;1.876739550757458;0;280877927600.5276;269616927600.5276;20.044096738780244;4.306292489084363;15.105024339904684;17.049771008894474;5.877213860361315;5.877213860361315;4.133643964745536;13.779165308965482;14.499431438587125;16.36620903244674;0.04989000068360544;0.0586518141198684;0;0.36433768272082784;-0.5755097868860837;2.0112923462986196;;1.326982088061086;;0;0;0.027320812571866616;0.014404852160727824;-0.11406292013982253;-0.032518206209275584;-2.065238558909445;0.013476427750095821;4.820452053974857;0.33758102128128387;0.18910931174089068;0.2433348669470944;20956000000;46708000000;14286000000;0;23684500000;27155500000;2556000000;55.53484093522422;110.90956222654967;9.701702030803471;6.572450624748085;3.2909696213067;37.62226450999049;0.2932142035111213;-0.08329109219636686
AAPL;2009-09-26;FY;1.461220019734089;0.2281194129940401;0.4062877132900514;0.35777634443279854;0.9383930411101257;1.1130819604575954;1.0949651837944994;1.1130819604575954;0;180817892896.63678;175554892896.63678;31.70019160179467;4.9488981825720995;17.798788551691782;20.21214988784225;6.496762463949295;6.496762463949295;4.804852420741626;20.208920559069504;17.280725750234943;19.62384226432336;0.03154555065665238;0.049475192176439725;0;0.48316651501364877;-0.6058478185794866;1.880769629706462;;1.7810308555399719;;0;0;0.036483564605742126;0.008412100053852296;-0.11940151589723398;-0.033199222705750334;-1.7254623044096729;0.019432356241618085;2.390209421214268;0.22152795857560242;0.10682048016779655;0.05859957396380036;16983000000;27379000000;10246000000;0;21251000000;23948500000;2258000000;50.518789172619535;87.37722784972432;7.098132239175962;7.2250346054973305;4.177289769683985;51.42197802197802;0.20494394941075023;-0.04851136885725292
AAPL;2008-09-27;FY;1.3157609026786605;0.19583078923454064;0.388744777305472;0.34017193570592424;0.9921175068998552;0.8519490065375237;0.8320175319195274;0.8519490065375237;0;81185817859.104;69310817859.104;16.79474924681506;2.4996403171004036;8.460381185817424;9.668431327748483;3.8604763603948644;3.8604763603948644;2.134019454389113;9.40700568120304;7.222886396321801;8.254235781720139;0.05954241919924104;0.1034293947074942;0;0.468563630850096;-1.611699239956569;2.4616803860346295;;1.9851055026892843;;0;0;0.0341451399365744;0.012433033458000606;-0.12494789495623176;-0.03691616121185997;-2.5348837209302326;0.015887188644970598;1.9374858819101333;0.24627158555729983;0.1236949846468782;0.39419352392360313;20598000000;20538000000;16148000000;0;21074500000;23908000000;2285000000;52.86369654238123;94.44079872503984;8.708399737508202;6.9045493197278915;3.8648550724637682;41.913555992141454;0.22986210175939134;-0.048572841599547834
AAPL;2007-09-29;FY;0.9916286155450157;0.14441113221467028;0.22595220057615745;0.18522297392751189;0.6355576888601021;0.6002810564483949;0.5863604181313629;0.6002810564483949;0;160027880249.888;150675880249.888;45.77456528886957;6.66616180329451;29.25555397621353;35.68864412352542;11.01210296242004;11.01210296242004;6.27659252894643;28.29593995303061;27.54586476231956;33.60300630015343;0.02184619326670389;0.028020117450772382;0;0.4266777133388567;-1.7562441314553991;2.361114098290139;;1.5646453089244852;;0;0;0.032575189535949345;0.013295459028681894;-0.18025594149908591;-0.041073065067066566;-3.110410094637224;0.01008081313005082;1.396589956893737;0.2747382851445663;0.1397840863654538;0.32078396739018183;12657000000;14195000000;11141000000;0;20737000000;23633000000;2203500000;61.259060234941266;114.43666414332576;7.966818067120868;5.958302308265078;3.1895372233400403;45.8150289017341;0.24057252958987063;-0.04072922664864557
AAPL;2006-09-30;FY;0.8172678045482995;0.08415975476295975;0.09393396459214211;0.06613458858446762;0.42778035226421474;0.42244896508466073;0.41495963547528725;0.42244896508466073;0;67879147736.231995;61487147736.231995;34.12727387442534;3.514322947772819;30.57619267397838;43.42875734883685;6.7987928421706725;6.7987928421706725;3.183388440912865;20.206095214009856;27.696913394699095;39.339186011664744;0.029302076798738697;0.023026217212885162;0;0.41970357454228424;-2.100558659217877;2.2421573172616287;;1.1161387631975868;;0;0;0.036862542065752006;0.01028770706190061;-0.2959459459459459;-0.03401501423763914;-2.92;0.008439037017861766;0.8943975789777731;0.22852617849822993;0.11680761099365751;0.21823779543924368;8038000000;9807000000;7288000000;0;20145000000;22843000000;2165500000;53.762619725601866;90.20558431143836;7.184515564627834;6.789103690685413;4.046312684365781;50.803703703703704;0.19921875;-0.02779937600767449
AAPL;2005-09-24;FY;0.6154276504296728;0.05897609025365108;0.11198830621198913;0.10050232608768256;0.36494493002652556;0.3298243369541266;0.32558335967745955;0.3298243369541266;0;45911244342.48801;42420244342.48801;34.39044520036555;3.2956172810629534;18.110944513801975;20.180766743950773;6.149376418763461;6.149376418763461;3.045025076626804;21.273944003253764;16.73382419822012;18.646261249445278;0.029077843981774643;0.0495521311299905;0;0.35364903471560905;-1.7507522567703109;2.9563719862227327;;1.898876404494382;;0;0;0.038331778048955566;0.008310968747294607;-0.10256410256410256;-0.01866341253319934;-1.452513966480447;0.0030148589476706625;0.6615620696059342;0.2045370026031982;0.116542994325622;0.23159711846798936;6816000000;7370000000;6215000000;0;19378500000;22037500000;2113000000;34.37513459191731;65.6689927184466;6.090716019417476;10.618140243902438;5.558178752107926;59.92727272727273;0.17881060809000804;-0.011485980124306579
AAPL;2004-09-25;FY;0.39785593184500584;0.013263466262739656;0.04488433872970594;0.036426476185350214;0.2625781871724981;0.24393244474516845;0.23927100913833604;0.24393244474516845;0.000144168111551518;17669101527.28;14700101527.279999;64.01848379449275;2.1342072143109068;18.917667588094215;23.31016032622691;3.480910466367218;3.480910466367218;1.775589023708177;27.42556255089552;15.738866731563167;19.393273782691292;0.015620488657777709;0.04289974783549095;0;0.3694409937888199;-5.539179104477612;2.6324626865671643;108.66666666666667;3.3840579710144927;;0;0;0.05906510448121754;0.012049689440993789;-0.18843683083511778;-0.02125860611184926;-1.1733333333333333;0.0039859886459717355;0.26980783792074275;0.060707635009310985;0.03470388532629196;0.1599304917478173;4375000000;4979000000;4081000000;0;19247500000;21873500000;2081000000;46.29182268389902;87.97591362126245;6.12375415282392;7.884761904761905;4.148862853204687;59.603960396039604;0.054373522458628844;-0.008457862544355722
AAPL;2003-09-27;FY;0.30734819168148525;0.0034166304536849498;0.0143102347987674;0.0061895479233423;0.22609180654384756;0.2091076870421963;0.2037104012530418;0.2091076870421963;0.015449111616662382;8150251944.856;5058251944.856;118.11959340371016;1.3130742621002096;28.20156382303114;65.202015558848;1.9299673087511247;1.9299673087511247;0.8149270089988723;23.636691331102803;17.502601885314878;40.466015558848;0.008465995955321244;0.015336949194422543;0;0.38033749082905355;-14.448598130841122;2.4976665252439543;-0.125;4.188405797101449;;0;0;0.07588206863218946;0.01599413059427733;-0.5674740484429066;-0.026421781859191237;-1.4513274336283186;0.0025777348155308524;0.1267871565344052;-0.00022431583669807088;0.010289293170295259;0.1344122227033014;3530000000;4114000000;3295000000;0.07198673928486858;19197500000;21725000000;2058500000;55.864346705332686;93.62302733940875;4.543231829295399;6.5336842105263155;3.898613518197574;80.33928571428571;0.01633909542978925;-0.008120686875425099
AAPL;2002-09-28;FY;0.28881509958738977;0.0032694150945977592;0.004476583744910778;-0.004275388969858608;0.21814543485031512;0.20597315095965885;0.19998760640185678;0.20597315095965885;0.01644767286051488;5541893420;3605893420;85.25989876923077;0.9651503692093347;62.268465393258424;-65.19874611764706;1.3533317264957265;1.3533317264957265;0.6279856182514804;16.69395101851852;40.51565640449438;-42.42227552941176;0.011728843388691512;-0.01533771827751967;0.07716727716727717;0.3497935852651635;-8.962962962962964;3.249698431845597;1.5454545454545454;1.3692307692307693;;0;0;0.07784743991640543;0.018894887265798667;-1.9550561797752808;-0.030303030303030304;-1.4745762711864407;0;0.12309250139086808;0.003663793103448276;0.010519501537465609;0.12978320458209028;3730000000;3976000000;3185000000;0.07716727716727717;19005000000;21603500000;2053000000;35.91518634622083;80.3370379318676;3.968349842957236;10.16283185840708;4.543358946212953;91.97777777777777;0.015873015873015872;-0.008751972714769386
AAPL;2001-09-29;FY;0.2770956449637518;-0.001291700750343799;0.009558585552544113;-0.002428397410646342;0.2240325781396285;0.2025386776539077;0.19861190737286255;0.2025386776539077;0.017205453994579404;6093148895.288;4100148895.288;-243.72595581152;1.1361456079224315;32.93593997452973;-129.6414658571915;1.5543747181857144;1.5543747181857144;0.7645252461845982;52.56601147805128;22.16296700155676;-87.23721053804256;-0.0041029688309985645;-0.0077135814022773015;0.08086734693877551;0.3489453579139678;-25.55128205128205;3.388010540184453;-21.5;-7.4;;0;0;0.08223009509602834;0.01262248795881083;-1.2540540540540541;-0.04325936975573373;-2.2745098039215685;0;0.07672311022587557;-0.07639351543415501;-0.004205214465937763;0.1338201977356176;3625000000;3844000000;3042000000;0.08086734693877551;18955500000;21548500000;2036000000;31.715457766175646;70.8248546511628;0.9726259689922481;11.508583690987125;5.153558052434457;375.27272727272725;-0.006377551020408163;-0.011986982963190455
AAPL;2000-09-30;FY;0.439210185318859;0.04324429483410036;0.045445022306573664;0.03955807631770758;0.22155823829124954;0.22595969323619616;0.22595969323619616;0.22595969323619616;0.017660837966598238;6268218201.728;5377218201.728;7.974832317720102;0.785195816325692;7.588641890711864;8.717966900873435;1.526227952697346;1.526227952697346;0.6735836404519604;4.492245782563074;6.5099493967651325;7.478745760400556;0.1253944860731425;0.11470564311270924;0.07304601899196493;0.39629575187417315;-0.7443609022556391;2.8075530263838595;24.857142857142858;1.0508905852417303;;0;0;0.04760115244895403;0;-0.12953995157384987;-0.013403482400100213;-1.2738095238095237;0;0.46889020131145964;0.10718685831622177;0.11553726297221814;0.1134612557527016;3494000000;;2731000000;0.07304601899196493;19199000000;21726500000;2047000000;43.573218088437926;72.59841842874334;2.070654976792161;8.376705141657922;5.027657735522904;176.27272727272728;0.19138056975894813;-0.0058869459888660795
AAPL;1999-09-25;FY;0.3825719814110183;0.03748382145875807;0.049770531654058134;0.04683918455162614;0.2012026755839493;0.19359364693508327;0.19359364693508327;0.19359364693508327;0.021642073288168136;10665203371.536;9639203371.536;17.745762681424292;1.7387028646129767;13.36491650568421;14.201336047318241;3.435954694438144;3.435954694438144;1.5714384368333876;11.929707142990098;12.079202219969924;12.83515761855659;0.056351480516910586;0.07041590993044901;0.09664948453608248;0.39856616934702577;-1.2698019801980198;2.7663008392511297;7.638297872340425;1.3277870216306156;;0;0;0.051190088033909356;0;-0.05889724310776942;-0.007662210629279426;-0.5529411764705883;0;0.4040719839192658;0.09939091915836101;0.11645030032939353;0.10538816524115881;2736000000;;2228000000;0.09664948453608248;19063000000;21554000000;2040500000;40.52249755461363;66.78233438485805;1.644885083370888;9.00734214390602;5.4655172413793105;221.9;0.19362113402061856;-0.002931347102431995
AAPL;1998-09-25;FY;0.4019325235057122;0.020905091695550423;0.05243186428495656;0.04864323925275325;0.15560424239406462;0.11108789826567571;0.11108789826567571;0.11108789826567571;0.06873648272711724;4685072776.832001;4158072776.8320007;15.162047821462783;0.7886000297646861;6.045255195912259;6.5160956562336585;2.8532720930767357;2.8532720930767357;0.6998944246477026;8.28301349966534;5.365255195912259;5.7831332083894305;0.06595415156153513;0.15346613259787623;0.5809987819732034;0.617160177197482;-1.049800796812749;2.432894736842105;4.209677419354839;2.5080906148867315;;0;0;0.05217976771587275;0;-0.07225806451612904;-0.0094260225551254;-0.5045045045045045;0;0.2285865497770448;0.09425785482123511;0.0720447656796456;0.027619753024946472;2178000000;;1051000000;0.5809987819732034;19200000000;21507500000;2069500000;58.67278235987208;58.81555356342447;6.380546839982071;6.220942408376963;6.205841446453407;57.205128205128204;0.1881851400730816;-0.003788625032203313
AAPL;1997-09-26;FY;0.5015247599253881;-0.0740140339107514;0.013315443421264367;0.009561621605695157;0.10333634016821655;0.08499219205062361;0.08499219205062361;0.08499219205062361;0.0741556875641691;2087895319.7760003;1833895319.7760003;-1.9979859519387562;0.2948588221686203;11.105826169021277;15.465891257600003;1.7399127664800003;1.7399127664800003;0.2589881824284706;-2.142401074504673;9.754762339234045;13.58440977611852;-0.500504019575135;0.06465841401209878;0.7925;0.7165131112686038;0.2967289719626168;1.8833883388338835;-15.070422535211268;-0.1799043062200957;;0;0;0.12145177234853834;0;-0.28191489361702127;-0.007484818528456433;-0.4491525423728814;0;0.37621647645091105;-0.44306418219461696;-0.2468698322702575;-0.04102643937110311;1606000000;;391000000;0.8133333333333334;19240000000;21490500000;2249000000;53.350515463917525;43.76422194993874;27.919656922807633;6.841545893719807;8.34014598540146;13.073226544622425;-0.8708333333333333;-0.00375382181556921
AAPL;1996-09-27;FY;0.7095433983960986;-0.05888207191001896;0.03745072956041647;0.03261604963643207;0.12591815622914593;0.14850404900835665;0.14850404900835665;0.14850404900835665;0.08623048521136355;3031483000;2614483000;-3.7150526960784314;0.3082968575205939;5.841007707129094;6.706820796460177;1.4730238095238095;1.4730238095238095;0.2658886402928913;-2.423061167747915;5.037539499036609;5.784254424778761;-0.2691751858743724;0.14910194119511802;0.4611273080660836;0.616331096196868;0.386468952734013;2.254118821767349;-23.05;-0.6360294117647058;0.004618201718432859;-0.01715686274509804;0;0.06142581104444218;0;-0.12909441233140656;-0.006813790297976203;-0.42948717948717946;0;0.44355956430267435;-0.4114846771794109;-0.15212527964205816;-0.00779321539985545;2512000000;;1209000000;0.5515063168124392;19470500000;21543500000;2361500000;55.53137394487949;32.567963902989284;27.256627185561197;6.572860962566845;11.207332490518331;13.391238670694865;-0.3965014577259475;-0.0048346799239844
AAPL;1995-09-29;FY;0.8026839918312283;0.030766408654532704;-0.017414948295018513;-0.028952351540468275;0.06907929490357344;0.21050318751603628;0.21050318751603628;0.21050318751603628;0.05892057506481263;4275885218.752;4283885218.752;10.084634949886793;0.38653816839197247;-17.816188411466666;-10.716504307649123;1.4739349254574283;1.4739349254574283;0.3872613649206292;5.045801199943463;-17.8495217448;-10.736554432962405;0.09916075346001749;-0.09331401092110136;0.10444674250258532;0.5344246509388542;0.009422850412249705;2.2468817204301077;14.25;-0.5660377358490566;0.013564442690285412;0.13679245283018868;0;0.055505333574398845;0;0.6625;-0.014373531007051165;-1.2519685039370079;0;0.3817323794617143;0.17511520737327188;0.06804686246188413;-0.003065756522768884;2899000000;;1894000000;0.26335746294381246;19688000000;21730500000;2918000000;63.71497016814319;51.83142369575816;78.97062408581179;5.728638011393061;7.04206008583691;4.621971830985916;0.14615649775939332;-0.011537403245449765
AAPL;1994-09-30;FY;0.6909705887660997;0.023324600400652113;0.05542015833578978;0.04341961992191495;0.09458758700347111;0.17921820199844793;0.17921820199844793;0.17921820199844793;0.047814535971461056;5001710925.12;4394422925.12;16.125292332531643;0.5443299702113934;6.786628030203733;8.662351275216139;2.0986484397564555;2.0986484397564555;0.47823957356540847;6.207715140931519;5.962622439935142;7.610602771558413;0.062014379608025486;0.11544209744311582;0.1275541780077296;0.5505534302416144;-0.8578762164552187;2.302340424984763;13.17110937381787;2.3760389195881073;0.011310529706121057;0.18238559794698528;0;0.06141239263499228;0;-0.21653742562703954;-0.01736765443997376;-0.9501601590873909;0;0.3066828024002746;0.15551084565725584;0.05849384450999539;0.00516142264586805;2532147000;;1557007000;0.2501572398954224;19513173500;21588858500;2574717000;62.81504890546569;47.016903058693934;58.0399332935471;5.810709477426523;7.76316550548532;6.288773595826664;0.13014638100684722;-0.012000538413874835
AAPL;1993-09-30;FY;0.6086048333895756;0.006607142857156481;-0.05049199934025588;-0.06675045364579914;0.05160590564180882;0.15460409105937523;0.15460409105937523;0.15460409105937523;0.06280600461906716;3598586698.3709583;3745386698.3709583;41.55411891883324;0.4511203081823942;-5.43757434024019;-4.113140585633739;1.7758521014463866;1.7758521014463866;0.4695232165439336;12.247830929924651;-5.659393620989662;-4.280931190274269;0.02406500308557326;-0.24312322401348782;0;0.6081525312294543;0.48005232177894047;1.7248727735368956;;-7.64203233256351;0.015450510064178675;0.6420323325635104;0;0;0;0.3220006044122091;-0.026714303622915884;-1.2829620710415413;0;0.15160328033531376;0.04156313530607635;0.016745948872645706;-0.05179473564840769;1823200000;;1193400000;0.40623766285037505;19413450000;21519300000;2783800000;63.23097655760311;53.32775886831802;108.1922993684459;5.772487155365801;6.844465391866415;3.3736227266693217;0.04273588630082906;-0.01625845430554326
AAPL;1992-09-30;FY;0.5177260086910018;0.03875000000136984;0.06456141591480115;0.05032239819182418;0.03642675339495287;0.1598072209709585;0.1598072209709585;0.1598072209709585;0.013479213801381477;6416129032.03125;6102029032.03125;12.096774193120757;0.9054016837693148;7.260528496131323;9.314937619092987;2.933221647632463;2.933221647632463;0.8610779696650321;5.68847677079449;6.905091130509505;8.858927166131314;0.082666666669589;0.10735444947589158;0;0.48211283945355965;-0.2928125291320966;2.496246930901438;;1.6661010558069382;0.008915032680053715;0.10784313725490197;0;0;0;-0.2205499603937988;-0.027502998659422847;-0.897329650092081;0;0.37327191267088383;0.2879351011364449;0.12557710064635272;-0.03157935049131243;2132900000;;1522100000;0.08434671299259394;19266100000;21361450000;2320550000;55.99774218584633;41.28517301679826;56.10102803243071;6.518119941133186;8.840946357460764;6.506119634545768;0.24247965621285544;-0.014239017722976964
AAPL;1991-09-30;FY;0.4691017245990057;0.023035714284930883;0.00956971087304908;-0.006662362814492599;0.044918899288336825;0.1313660310754919;0.1313660310754919;0.1313660310754919;0.011049409757071431;5973850825.629516;5518350825.629516;19.282927132438722;0.9469076251631873;46.41686733200867;-66.67244225032941;3.3813611963714925;3.3813611963714925;0.8747068896825887;7.8374532390704665;42.87762879277013;-61.58873689318656;0.05185934651579682;-0.014998700606247242;0;0.4943038699335929;-0.6469251526771765;2.352805849971243;;0.4154293092317624;0.009457885984966172;0.18237572627501614;0;0;0;-1.6961926961926963;-0.03460246005579508;-1.068003913894325;0;0.26093578341904095;0.19648583351636284;0.08867643691321273;-0.007922709351386009;1646500000;;1136700000;0.08411162053546159;19176100000;21326550000;2366350000;52.48668526502663;41.914493359488056;78.84056339839856;6.954144620811287;8.708204984598153;4.629596546077118;0.17535518197769853;-0.01623207368754168
AAPL;1990-09-30;FY;0.3950221099209967;0.033750000000266504;0.06850205306434383;0.05256159191450222;0.026629027163823666;0.1028205938100349;0.1028205938100349;0.1028205938100349;0.008712886923631655;3816155688.8587546;3564055688.8587546;8.03570370364025;0.6865565070629597;3.959078419814041;5.159756204514271;2.637652535843762;2.637652535843762;0.6412017287094766;3.6323437513847887;3.697536766115525;4.818896280230875;0.12444460832310063;0.19380760647665873;0;0.5137950734281009;-0.2569302894415002;2.340116845180136;;2.0296904611497157;0.014097957312661221;0.11328700779111392;0;0;0;-0.23270048760244838;-0.04035333909038572;-1.1065614208189443;0;0.27942689280939265;0.3653717863190845;0.15959270087710456;-0.028784151926948706;1376300000;;874400000;0.08473873375725739;19103450000;21318300000;2208250000;50.03121401842257;51.72415227792802;53.98689411275224;7.295445596534979;7.056664709336465;6.760900140646976;0.3282416367155101;-0.0159404611498416
AAPL;1989-09-30;FY;0.3678681560706868;0.031607142856943944;0.035317849276052124;0.018678846758850353;0.030514120515855794;0.10343333071048814;0.10343333071048814;0.10343333071048814;0.003954373819987701;5867370829.415456;5485870829.415456;12.923724293866643;1.1104032606766572;11.565879813553037;21.868694854325216;3.9492298777784587;3.9492298777784587;1.0382041690793822;6.312128442544536;10.81385931286311;20.446779088391562;0.07737707624067632;0.045727465980998805;0;0.45854440759502896;-0.4389598435162812;2.562716407907964;;1.1174008810572686;0.008572834658383302;0.11079295154185022;0;0;0;-0.4711216242854327;-0.045230885692657076;-1.9150641025641026;0;0.27121526754325304;0.3431245266688305;0.16545792485148875;0.0008632787916874558;1399100000;;1036200000;0.03823113683785421;19118900000;21315100000;2268200000;54.76381529144588;47.46420233463035;67.51789883268482;6.664984863773966;7.690005984440455;5.405973916701725;0.3055798613448206;-0.016639002517201767
AAPL;1988-09-30;FY;0.27983227935111354;0.027495188342040143;0.020208963431399506;0.010310695628265053;0.025570525158097334;0.06894418476766566;0.14311245532031894;0.06894418476766566;0.021652460819356612;5000875000;4943875000;12.5021875;1.2284143944976664;17.009778911564624;33.339166666666664;4.985917248255234;4.985917248255234;1.214412920658315;6.7355245231607626;16.815901360544217;32.95916666666667;0.07998600244957133;0.029994750918589247;1.0757726819541376;0.5182516810758886;-0.0776566757493188;2.1559854897218864;;0.735;0.007998600244957133;0.1;0;0.06705969049373618;0;-2.0416666666666665;-28.270833333333332;-0.5416666666666666;0;0.20652300179083224;0.5227091633466135;0.19212295869356388;0.02215081110805609;956000000;;704000000;;23132500000;23159500000;2097500000;41.332596413657576;15.215971873430437;16.31592164741336;8.830802603036876;23.987951807228917;22.370786516853933;0.3988035892323031;-0.009898267803134452
